Detector,Descriptor,Keypoints,Matches,Detector Time(ms),Descriptor Time(ms), Lidar TTC (s), Camera TTC (s) 
SHITOMASI,BRIEF,1759,1148,11.6266,7.5207,14.1696,13.6884
SHITOMASI,BRIEF,1820,1167,10.5303,5.2235,12.1077,14.8169
SHITOMASI,BRIEF,1850,1221,8.2771,4.514,23.7485,14.3827
SHITOMASI,BRIEF,1828,1210,9.2004,4.0454,11.258,13.1113
SHITOMASI,BRIEF,1806,1221,11.2515,6.1736,11.8508,12.3969
SHITOMASI,BRIEF,1877,1155,10.2141,4.7553,11.7508,13.7279
SHITOMASI,BRIEF,1894,1190,9.4134,4.6919,14.0445,16.6164
SHITOMASI,BRIEF,1889,1214,8.1917,4.3676,20.9665,12.8457
SHITOMASI,BRIEF,1917,1205,8.4568,6.4541,12.0742,11.9423
SHITOMASI,BRIEF,1874,1187,10.2177,4.7362,14.0245,13.5328
SHITOMASI,BRIEF,1912,1193,10.4974,4.9588,11.514,11.5668
SHITOMASI,BRIEF,1930,1239,10.0333,5.4402,10.1347,11.9209
SHITOMASI,BRIEF,1880,1249,10.0047,4.6658,8.58689,11.7829
SHITOMASI,BRIEF,1886,1248,8.4414,4.6333,11.1704,11.1083
SHITOMASI,BRIEF,1957,1262,10.8854,5.8614,7.84332,10.9451
SHITOMASI,BRIEF,1888,1281,9.5345,4.5078,8.94999,11.8703
SHITOMASI,BRIEF,1919,1270,8.9235,5.4719,10.0174,11.5895
SHITOMASI,BRIEF,2055,1319,9.561,6.1921,10.7,8.79473
SHITOMASI,ORB,1759,1053,12.2603,3.3156,14.1696,13.6546
SHITOMASI,ORB,1820,1070,10.7075,4.3464,12.1077,12.7751
SHITOMASI,ORB,1850,1116,14.2994,3.454,23.7485,12.5261
SHITOMASI,ORB,1828,1082,13.3347,3.7651,11.258,11.8507
SHITOMASI,ORB,1806,1080,12.354,4.0318,11.8508,12.2747
SHITOMASI,ORB,1877,1042,12.3811,3.877,11.7508,13.5266
SHITOMASI,ORB,1894,1059,13.0772,3.3117,14.0445,12.186
SHITOMASI,ORB,1889,1085,13.5041,4.0587,20.9665,12.1254
SHITOMASI,ORB,1917,1072,12.3867,3.3421,12.0742,11.046
SHITOMASI,ORB,1874,1050,13.1978,4.1126,14.0245,13.4962
SHITOMASI,ORB,1912,1049,12.1505,3.2144,11.514,11.0986
SHITOMASI,ORB,1930,1099,12.3464,4.2585,10.1347,11.7391
SHITOMASI,ORB,1880,1108,12.7461,3.7301,8.58689,11.9134
SHITOMASI,ORB,1886,1099,13.0917,3.6361,11.1704,11.6524
SHITOMASI,ORB,1957,1102,10.7502,3.4555,7.84332,10.6553
SHITOMASI,ORB,1888,1135,11.1551,4.4156,8.94999,11.1729
SHITOMASI,ORB,1919,1165,12.2883,3.7178,10.0174,10.4239
SHITOMASI,ORB,2055,1203,12.9343,3.9884,10.7,8.36986
SHITOMASI,FREAK,1759,812,12.4534,55.4016,14.1696,13.6808
SHITOMASI,FREAK,1820,814,13.2431,56.9018,12.1077,14.9056
SHITOMASI,FREAK,1850,878,10.5262,55.9573,23.7485,12.6506
SHITOMASI,FREAK,1828,851,13.7238,60.584,11.258,12.5425
SHITOMASI,FREAK,1806,874,10.6518,54.1349,11.8508,12.4535
SHITOMASI,FREAK,1877,845,10.5668,55.6017,11.7508,13.7648
SHITOMASI,FREAK,1894,831,10.608,55.4453,14.0445,12.5645
SHITOMASI,FREAK,1889,870,11.8064,54.6095,20.9665,13.1465
SHITOMASI,FREAK,1917,863,12.1314,56.2791,12.0742,12.1911
SHITOMASI,FREAK,1874,860,12.4541,57.1304,14.0245,12.9327
SHITOMASI,FREAK,1912,861,12.6507,56.3266,11.514,11.5524
SHITOMASI,FREAK,1930,885,11.8054,56.0153,10.1347,11.9212
SHITOMASI,FREAK,1880,879,12.4822,55.5887,8.58689,12.561
SHITOMASI,FREAK,1886,886,10.6003,56.6079,11.1704,11.5384
SHITOMASI,FREAK,1957,892,13.8073,58.1273,7.84332,10.297
SHITOMASI,FREAK,1888,899,11.6549,53.4388,8.94999,11.5882
SHITOMASI,FREAK,1919,949,11.5293,54.4116,10.0174,11.6118
SHITOMASI,FREAK,2055,951,11.5286,56.791,10.7,8.40486
SHITOMASI,SIFT,1759,1269,13.2612,46.2643,14.1696,13.9687
SHITOMASI,SIFT,1820,1268,12.5957,17.9765,12.1077,14.6734
SHITOMASI,SIFT,1850,1334,12.5215,17.1697,23.7485,12.7493
SHITOMASI,SIFT,1828,1366,10.6886,15.7371,11.258,12.6347
SHITOMASI,SIFT,1806,1326,12.289,16.3974,11.8508,12.3705
SHITOMASI,SIFT,1877,1294,12.0026,18.3919,11.7508,13.2215
SHITOMASI,SIFT,1894,1318,11.8521,16.3427,14.0445,12.4166
SHITOMASI,SIFT,1889,1345,11.4891,18.0946,20.9665,12.9168
SHITOMASI,SIFT,1917,1354,12.0017,18.9968,12.0742,11.8693
SHITOMASI,SIFT,1874,1332,11.7813,19.386,14.0245,13.403
SHITOMASI,SIFT,1912,1319,12.9224,19.9302,11.514,11.5546
SHITOMASI,SIFT,1930,1387,12.4953,18.7782,10.1347,11.5282
SHITOMASI,SIFT,1880,1394,11.9438,17.9551,8.58689,11.9952
SHITOMASI,SIFT,1886,1374,12.7082,19.309,11.1704,10.7982
SHITOMASI,SIFT,1957,1414,12.2924,20.7247,7.84332,11.9757
SHITOMASI,SIFT,1888,1423,13.1638,19.0473,8.94999,11.0189
SHITOMASI,SIFT,1919,1454,12.2937,19.143,10.0174,11.2317
SHITOMASI,SIFT,2055,1494,12.2559,19.7689,10.7,9.85481
HARRIS,BRIEF,637,498,11.121,3.1929,14.1696,13.0874
HARRIS,BRIEF,663,502,11.9602,2.5946,12.1077,11.5554
HARRIS,BRIEF,649,498,11.496,2.3865,23.7485,13.0836
HARRIS,BRIEF,656,505,11.9221,2.4262,11.258,13.1372
HARRIS,BRIEF,626,490,11.073,2.4344,11.8508,13.2483
HARRIS,BRIEF,639,505,10.8974,2.9891,11.7508,12.4225
HARRIS,BRIEF,605,476,13.9598,4.0093,14.0445,13.5465
HARRIS,BRIEF,647,490,11.9,2.5116,20.9665,13.8294
HARRIS,BRIEF,647,528,10.0328,2.3457,12.0742,12.0033
HARRIS,BRIEF,615,497,11.249,2.4511,14.0245,13.4218
HARRIS,BRIEF,626,471,11.1943,2.3458,11.514,12.8911
HARRIS,BRIEF,643,488,12.6365,2.4122,10.1347,12.4855
HARRIS,BRIEF,622,489,11.3382,2.7573,8.58689,12.0414
HARRIS,BRIEF,635,483,11.6151,2.6014,11.1704,12.784
HARRIS,BRIEF,625,488,12.0154,2.6893,7.84332,9.72657
HARRIS,BRIEF,637,493,12.179,2.5744,8.94999,11.0709
HARRIS,BRIEF,641,497,11.6845,3.1746,10.0174,10.8504
HARRIS,BRIEF,627,501,11.774,2.5622,10.7,12.6898
HARRIS,ORB,637,458,11.4555,1.7728,14.1696,13.0874
HARRIS,ORB,663,461,11.4703,1.8459,12.1077,11.7478
HARRIS,ORB,649,464,11.5606,1.8285,23.7485,19.3729
HARRIS,ORB,656,478,11.3516,2.3421,11.258,14.9945
HARRIS,ORB,626,472,11.8157,2.0821,11.8508,13.2534
HARRIS,ORB,639,455,11.6916,1.9581,11.7508,12.7582
HARRIS,ORB,605,440,11.9651,2.3481,14.0445,13.3377
HARRIS,ORB,647,439,11.4958,2.0184,20.9665,13.2922
HARRIS,ORB,647,465,11.9308,1.8161,12.0742,11.5126
HARRIS,ORB,615,458,11.5867,1.7513,14.0245,13.3261
HARRIS,ORB,626,433,11.5037,1.76,11.514,12.7102
HARRIS,ORB,643,450,11.3631,1.7697,10.1347,12.0356
HARRIS,ORB,622,446,11.4729,1.7472,8.58689,12
HARRIS,ORB,635,458,12.3627,1.8014,11.1704,12.2852
HARRIS,ORB,625,455,10.0605,1.9003,7.84332,9.90905
HARRIS,ORB,637,458,10.1007,1.8012,8.94999,11.7261
HARRIS,ORB,641,462,10.3836,1.771,10.0174,10.8132
HARRIS,ORB,627,446,9.6832,1.8208,10.7,13.041
HARRIS,FREAK,637,375,12.0646,50.3788,14.1696,13.0874
HARRIS,FREAK,663,382,11.9438,46.3067,12.1077,12.0004
HARRIS,FREAK,649,394,10.8166,47.4792,23.7485,17.4261
HARRIS,FREAK,656,390,11.9033,49.4545,11.258,13.8862
HARRIS,FREAK,626,370,12.0351,48.3488,11.8508,11.2249
HARRIS,FREAK,639,357,11.3433,46.7351,11.7508,13.1503
HARRIS,FREAK,605,360,11.1826,48.49,14.0445,12.9475
HARRIS,FREAK,647,352,11.1793,48.5038,20.9665,28.5133
HARRIS,FREAK,647,393,10.8398,45.7847,12.0742,11.7977
HARRIS,FREAK,615,365,10.0243,59.4946,14.0245,12.6285
HARRIS,FREAK,626,352,11.8296,49.5308,11.514,13.0132
HARRIS,FREAK,643,380,11.1137,48.5309,10.1347,12.7745
HARRIS,FREAK,622,383,9.4855,46.0457,8.58689,11.322
HARRIS,FREAK,635,391,11.7536,46.0184,11.1704,12.1399
HARRIS,FREAK,625,351,11.1889,47.7421,7.84332,10.0883
HARRIS,FREAK,637,375,11.1332,46.2311,8.94999,10.5155
HARRIS,FREAK,641,383,11.5142,46.4973,10.0174,10.8452
HARRIS,FREAK,627,373,10.8709,48.397,10.7,11.9259
HARRIS,SIFT,637,528,9.9209,12.8209,14.1696,12.9885
HARRIS,SIFT,663,523,10.1714,11.9627,12.1077,11.5554
HARRIS,SIFT,649,528,11.2876,13.3781,23.7485,15.9499
HARRIS,SIFT,656,528,11.5595,10.888,11.258,18.1567
HARRIS,SIFT,626,523,11.4779,10.7041,11.8508,13.3464
HARRIS,SIFT,639,525,9.8844,11.5281,11.7508,12.4225
HARRIS,SIFT,605,501,14.3879,19.444,14.0445,13.6515
HARRIS,SIFT,647,494,13.0165,13.1583,20.9665,14.4181
HARRIS,SIFT,647,540,11.1428,13.8704,12.0742,11.3799
HARRIS,SIFT,615,523,11.7891,13.5675,14.0245,13.0141
HARRIS,SIFT,626,499,9.7634,11.593,11.514,12.8911
HARRIS,SIFT,643,519,11.478,14.4555,10.1347,12.4855
HARRIS,SIFT,622,525,11.4774,12.382,8.58689,11.9688
HARRIS,SIFT,635,522,12.3148,12.5991,11.1704,12.2852
HARRIS,SIFT,625,544,14.5173,14.9792,7.84332,9.50729
HARRIS,SIFT,637,535,14.017,13.4002,8.94999,11.1183
HARRIS,SIFT,641,534,14.7224,16.0969,10.0174,11.0839
HARRIS,SIFT,627,529,13.28,13.3762,10.7,12.6206
FAST,BRIEF,1898,1305,1.0559,6.0881,14.1696,12.366
FAST,BRIEF,1865,1333,1.1558,9.1187,12.1077,12.2364
FAST,BRIEF,1840,1308,1.1044,7.406,23.7485,17.1302
FAST,BRIEF,1867,1252,1.2138,8.575,11.258,13.119
FAST,BRIEF,1876,1284,1.0746,7.6803,11.8508,21.3581
FAST,BRIEF,1843,1274,0.9934,7.0067,11.7508,13.497
FAST,BRIEF,1829,1242,0.9827,7.2363,14.0445,12.3978
FAST,BRIEF,1843,1237,0.8917,7.2583,20.9665,12.377
FAST,BRIEF,1818,1277,0.9874,6.1968,12.0742,12.6676
FAST,BRIEF,1879,1237,0.9963,6.6829,14.0245,13.1238
FAST,BRIEF,1849,1252,1.1292,6.932,11.514,13.9026
FAST,BRIEF,1826,1275,1.2744,9.1589,10.1347,11.4004
FAST,BRIEF,1842,1246,1.0251,7.1901,8.58689,11.8956
FAST,BRIEF,1833,1265,1.0831,7.6685,11.1704,12.0197
FAST,BRIEF,1921,1238,1.0108,6.2317,7.84332,11.6077
FAST,BRIEF,1934,1297,1.2149,6.0357,8.94999,12.1142
FAST,BRIEF,1946,1348,1.2765,6.9101,10.0174,8.63445
FAST,BRIEF,1961,1355,1.0546,6.6725,10.7,12.2613
FAST,ORB,1898,1220,0.9812,3.4206,14.1696,11.6597
FAST,ORB,1865,1234,1.0162,3.4971,12.1077,14.3325
FAST,ORB,1840,1238,0.9575,3.6846,23.7485,13.7667
FAST,ORB,1867,1188,1.0928,5.3204,11.258,14.2541
FAST,ORB,1876,1232,1.1746,4.1199,11.8508,32.3461
FAST,ORB,1843,1193,1.3841,13.4085,11.7508,12.5645
FAST,ORB,1829,1141,1.1068,4.817,14.0445,12.4677
FAST,ORB,1843,1167,1.0979,5.5261,20.9665,11.7285
FAST,ORB,1818,1171,2.0111,6.2151,12.0742,12.3427
FAST,ORB,1879,1142,2.1007,4.0059,14.0245,13.4637
FAST,ORB,1849,1160,1.5091,3.8257,11.514,13.9017
FAST,ORB,1826,1188,1.0388,3.5532,10.1347,11.2095
FAST,ORB,1842,1157,1.0115,3.6136,8.58689,12.3493
FAST,ORB,1833,1162,1.0335,3.9442,11.1704,11.4307
FAST,ORB,1921,1172,1.3244,5.6146,7.84332,10.9806
FAST,ORB,1934,1244,1.3663,6.2864,8.94999,11.8009
FAST,ORB,1946,1243,1.4083,4.7892,10.0174,10.1545
FAST,ORB,1961,1266,2.3083,10.3467,10.7,12.7404
FAST,FREAK,1898,959,1.1404,55.2809,14.1696,12.1074
FAST,FREAK,1865,950,1.1501,59.6043,12.1077,36.6091
FAST,FREAK,1840,944,0.978,58.4233,23.7485,13.0182
FAST,FREAK,1867,889,0.9921,65.0598,11.258,13.3843
FAST,FREAK,1876,969,0.9658,73.1287,11.8508,46.9006
FAST,FREAK,1843,917,0.9902,57.2698,11.7508,12.3263
FAST,FREAK,1829,886,0.9121,57.066,14.0445,-inf
FAST,FREAK,1843,883,1.002,64.1927,20.9665,11.5105
FAST,FREAK,1818,865,1.4516,63.2201,12.0742,12.3793
FAST,FREAK,1879,897,1.4254,55.0825,14.0245,13.0515
FAST,FREAK,1849,930,1.0128,59.6839,11.514,12.8854
FAST,FREAK,1826,898,1.4857,64.1846,10.1347,11.7171
FAST,FREAK,1842,923,0.9333,55.4557,8.58689,11.8251
FAST,FREAK,1833,952,1.0481,54.4534,11.1704,11.6815
FAST,FREAK,1921,930,1.0947,69.0252,7.84332,11.0296
FAST,FREAK,1934,957,0.9938,55.3223,8.94999,12.6506
FAST,FREAK,1946,1011,1.077,68.3179,10.0174,8.12925
FAST,FREAK,1961,989,1.4689,62.0606,10.7,12.2259
FAST,SIFT,1898,1452,0.9442,33.7111,14.1696,12.3423
FAST,SIFT,1865,1463,1.3274,35.0506,12.1077,15.0889
FAST,SIFT,1840,1403,1.0091,36.8957,23.7485,13.3379
FAST,SIFT,1867,1404,0.9909,36.8472,11.258,13.9149
FAST,SIFT,1876,1460,0.9821,39.2704,11.8508,25.6116
FAST,SIFT,1843,1444,1.159,42.7869,11.7508,13.2848
FAST,SIFT,1829,1398,1.2021,47.8788,14.0445,12.1549
FAST,SIFT,1843,1368,1.1175,46.1018,20.9665,12.6541
FAST,SIFT,1818,1406,1.55,51.554,12.0742,12.8545
FAST,SIFT,1879,1413,1.5003,48.7073,14.0245,13.6544
FAST,SIFT,1849,1369,1.3691,46.0948,11.514,15.0785
FAST,SIFT,1826,1388,3.3908,49.6571,10.1347,11.6823
FAST,SIFT,1842,1390,2.0924,67.8517,8.58689,12.3643
FAST,SIFT,1833,1401,1.3812,56.6302,11.1704,11.6815
FAST,SIFT,1921,1409,1.2124,44.5554,7.84332,11.3035
FAST,SIFT,1934,1457,2.0408,57.7436,8.94999,11.7661
FAST,SIFT,1946,1468,1.1603,35.676,10.0174,7.03498
FAST,SIFT,1961,1485,1.5823,37.0048,10.7,11.1369
BRISK,BRIEF,3000,1702,335.376,7.0155,14.1696,11.9678
BRISK,BRIEF,2974,1777,346.91,7.9024,12.1077,15.3996
BRISK,BRIEF,2953,1805,359.705,8.0367,23.7485,11.5939
BRISK,BRIEF,2855,1705,378.399,11.8499,11.258,19.9015
BRISK,BRIEF,2906,1715,384.186,9.6488,11.8508,18.0553
BRISK,BRIEF,2886,1747,342.737,7.7605,11.7508,17.8428
BRISK,BRIEF,2886,1678,326.546,6.7681,14.0445,15.9207
BRISK,BRIEF,2893,1675,361.707,7.8589,20.9665,18.3357
BRISK,BRIEF,2930,1737,380.277,15.6364,12.0742,14.7064
BRISK,BRIEF,3022,1708,376.707,8.9116,14.0245,10.9921
BRISK,BRIEF,3013,1741,393.84,15.3735,11.514,13.572
BRISK,BRIEF,2949,1742,420.047,12.9681,10.1347,14.7647
BRISK,BRIEF,3012,1721,467.293,18.3788,8.58689,12.1214
BRISK,BRIEF,3026,1764,344.543,8.6064,11.1704,10.8406
BRISK,BRIEF,3074,1850,362.776,17.0377,7.84332,11.339
BRISK,BRIEF,3131,1838,363.48,8.4195,8.94999,12.1917
BRISK,BRIEF,3135,1908,422.792,14.5894,10.0174,10.8727
BRISK,BRIEF,3146,1956,488.657,20.9827,10.7,10.6055
BRISK,ORB,3000,1480,317.597,6.7034,14.1696,14.4845
BRISK,ORB,2974,1523,315.525,6.7176,12.1077,19.0423
BRISK,ORB,2953,1517,354.8,7.8076,23.7485,13.2359
BRISK,ORB,2855,1436,417.482,11.4419,11.258,18.0562
BRISK,ORB,2906,1422,392.91,7.3943,11.8508,18.3369
BRISK,ORB,2886,1436,312.994,5.9996,11.7508,20.1917
BRISK,ORB,2886,1415,313.198,5.981,14.0445,16.7544
BRISK,ORB,2893,1431,309.45,6.6302,20.9665,16.4396
BRISK,ORB,2930,1440,347.408,8.6049,12.0742,14.905
BRISK,ORB,3022,1463,357.605,6.053,14.0245,11.3996
BRISK,ORB,3013,1456,372.788,9.442,11.514,12.5975
BRISK,ORB,2949,1481,388.217,7.0077,10.1347,12.5201
BRISK,ORB,3012,1479,360.859,9.0627,8.58689,12.546
BRISK,ORB,3026,1536,329.9,6.0259,11.1704,12.2939
BRISK,ORB,3074,1557,470.229,8.0743,7.84332,11.39
BRISK,ORB,3131,1554,326.247,6.7259,8.94999,11.7066
BRISK,ORB,3135,1590,346.833,6.6819,10.0174,10.5268
BRISK,ORB,3146,1644,348.645,6.8452,10.7,11.5115
BRISK,FREAK,3000,1396,323.688,44.3296,14.1696,11.6432
BRISK,FREAK,2974,1470,291.596,44.3147,12.1077,20.5059
BRISK,FREAK,2953,1477,462.328,62.7363,23.7485,14.471
BRISK,FREAK,2855,1428,431.044,60.5936,11.258,13.4183
BRISK,FREAK,2906,1391,393.014,54.3463,11.8508,22.2295
BRISK,FREAK,2886,1388,421.511,54.0322,11.7508,19.6417
BRISK,FREAK,2886,1364,349.233,47.7421,14.0445,15.3932
BRISK,FREAK,2893,1368,380.662,52.6223,20.9665,18.3357
BRISK,FREAK,2930,1382,333.488,49.6584,12.0742,14.7812
BRISK,FREAK,3022,1370,343.006,55.5067,14.0245,13.1336
BRISK,FREAK,3013,1412,392.174,73.6189,11.514,12.8631
BRISK,FREAK,2949,1382,364.571,55.7318,10.1347,11.0557
BRISK,FREAK,3012,1355,367.938,54.3752,8.58689,11.7082
BRISK,FREAK,3026,1376,438.562,89.6076,11.1704,11.2572
BRISK,FREAK,3074,1475,389.247,51.9549,7.84332,13.6441
BRISK,FREAK,3131,1465,384.717,59.5331,8.94999,10.5363
BRISK,FREAK,3135,1544,333.4,51.1128,10.0174,9.55454
BRISK,FREAK,3146,1541,341.069,55.8278,10.7,10.8928
BRISK,SIFT,3000,1799,408.229,97.5792,14.1696,12.5976
BRISK,SIFT,2974,1844,499.67,132.925,12.1077,13.7724
BRISK,SIFT,2953,1840,385.473,92.9855,23.7485,15.0689
BRISK,SIFT,2855,1806,318.09,73.223,11.258,10.1944
BRISK,SIFT,2906,1783,383.643,115.346,11.8508,24.8938
BRISK,SIFT,2886,1766,387.432,102.502,11.7508,15.3123
BRISK,SIFT,2886,1776,322.231,73.516,14.0445,13.804
BRISK,SIFT,2893,1741,350.767,72.0989,20.9665,15.6661
BRISK,SIFT,2930,1755,336.63,83.5973,12.0742,15.7056
BRISK,SIFT,3022,1783,363.316,83.9441,14.0245,14.9779
BRISK,SIFT,3013,1816,388.259,77.5789,11.514,11.8999
BRISK,SIFT,2949,1785,326.433,76.0899,10.1347,10.1695
BRISK,SIFT,3012,1839,318.505,76.4486,8.58689,12.1789
BRISK,SIFT,3026,1774,317.266,81.5484,11.1704,9.47787
BRISK,SIFT,3074,1871,326.342,77.5601,7.84332,14.0472
BRISK,SIFT,3131,1894,316.965,82.1397,8.94999,9.62151
BRISK,SIFT,3135,1961,326.304,84.6526,10.0174,9.76913
BRISK,SIFT,3146,1968,354.948,87.8531,10.7,11.7318
ORB,BRIEF,500,221,10.762,3.6677,14.1696,20.11
ORB,BRIEF,500,247,9.7192,2.433,12.1077,47.92
ORB,BRIEF,500,229,9.0599,2.6903,23.7485,60.9149
ORB,BRIEF,500,222,9.1486,3.5372,11.258,12.6401
ORB,BRIEF,500,248,8.9025,3.1722,11.8508,20.1612
ORB,BRIEF,500,233,8.4776,2.0841,11.7508,35.8784
ORB,BRIEF,500,234,9.4599,2.0843,14.0445,11.0042
ORB,BRIEF,500,244,9.7197,2.4366,20.9665,35.9319
ORB,BRIEF,500,242,9.8302,2.292,12.0742,-inf
ORB,BRIEF,500,223,9.3472,2.2397,14.0245,16.2625
ORB,BRIEF,500,226,8.9571,2.4996,11.514,17.8506
ORB,BRIEF,500,252,9.0022,2.0789,10.1347,14.6478
ORB,BRIEF,500,229,9.4007,2.2261,8.58689,13.236
ORB,BRIEF,500,238,9.9233,2.3114,11.1704,9.55264
ORB,BRIEF,500,262,8.6922,2.1961,7.84332,8.816
ORB,BRIEF,500,219,11.574,4.701,8.94999,10.4646
ORB,BRIEF,500,223,9.3858,4.0324,10.0174,15.0441
ORB,BRIEF,500,240,10.4746,2.453,10.7,19.7379
ORB,ORB,500,330,8.6413,5.6434,14.1696,19.4626
ORB,ORB,500,321,11.8675,5.6776,12.1077,11.3699
ORB,ORB,500,327,10.3994,5.3736,23.7485,12.759
ORB,ORB,500,320,8.5073,5.534,11.258,21.791
ORB,ORB,500,318,8.2791,5.5045,11.8508,32.0673
ORB,ORB,500,343,9.0164,5.4395,11.7508,18.4549
ORB,ORB,500,327,7.7498,4.9734,14.0445,39.6249
ORB,ORB,500,344,7.929,6.4765,20.9665,10.4477
ORB,ORB,500,343,8.9942,4.5935,12.0742,13.3292
ORB,ORB,500,320,9.3682,4.9619,14.0245,-inf
ORB,ORB,500,325,8.171,5.9629,11.514,9.21814
ORB,ORB,500,325,9.0076,5.2696,10.1347,-inf
ORB,ORB,500,309,9.5267,5.1915,8.58689,9.46076
ORB,ORB,500,345,8.9602,7.0788,11.1704,11.3527
ORB,ORB,500,335,8.5621,5.1142,7.84332,8.58
ORB,ORB,500,312,9.7779,6.6561,8.94999,10.0471
ORB,ORB,500,344,8.9787,5.1017,10.0174,17.9984
ORB,ORB,500,330,12.0939,6.3575,10.7,29.89
ORB,FREAK,500,109,8.8556,42.5978,14.1696,12.2074
ORB,FREAK,500,123,7.8123,44.2293,12.1077,20.1206
ORB,FREAK,500,128,8.7363,44.432,23.7485,12.0733
ORB,FREAK,500,136,10.6942,45.8684,11.258,11.1387
ORB,FREAK,500,110,9.2012,44.0085,11.8508,-inf
ORB,FREAK,500,132,7.4891,44.6575,11.7508,10.7502
ORB,FREAK,500,136,9.7773,44.5086,14.0445,201.489
ORB,FREAK,500,135,9.0198,54.8007,20.9665,10.6963
ORB,FREAK,500,144,12.6256,67.346,12.0742,9.01155
ORB,FREAK,500,146,9.8491,51.083,14.0245,-545.044
ORB,FREAK,500,149,10.6969,49.0233,11.514,7.24512
ORB,FREAK,500,155,8.7338,45.3499,10.1347,40.8841
ORB,FREAK,500,139,9.4005,43.2363,8.58689,7.16642
ORB,FREAK,500,151,9.4645,44.9862,11.1704,60.2671
ORB,FREAK,500,160,10.3829,50.6142,7.84332,8.60003
ORB,FREAK,500,144,11.7374,49.7613,8.94999,7.71824
ORB,FREAK,500,137,8.8256,44.4699,10.0174,11.3219
ORB,FREAK,500,154,9.6089,46.8635,10.7,-6.19211
ORB,SIFT,500,377,8.6352,51.1431,14.1696,12.511
ORB,SIFT,500,365,10.3151,52.0517,12.1077,13.8583
ORB,SIFT,500,368,8.0747,57.7353,23.7485,12.0752
ORB,SIFT,500,374,9.5046,60.0066,11.258,-inf
ORB,SIFT,500,379,8.69,53.0911,11.8508,68.0965
ORB,SIFT,500,385,8.3784,58.2768,11.7508,19.89
ORB,SIFT,500,382,9.8361,54.4343,14.0445,13.1649
ORB,SIFT,500,375,10.2761,60.8498,20.9665,10.7453
ORB,SIFT,500,353,7.76411,58.4834,12.0742,12.9487
ORB,SIFT,500,357,9.73301,53.5268,14.0245,-inf
ORB,SIFT,500,379,8.84961,52.9685,11.514,9.21814
ORB,SIFT,500,394,8.05961,52.5135,10.1347,32.0942
ORB,SIFT,500,383,8.38381,56.8905,8.58689,7.94456
ORB,SIFT,500,397,11.7722,65.4804,11.1704,24.3671
ORB,SIFT,500,385,9.747,56.1145,7.84332,11.3887
ORB,SIFT,500,373,8.8191,62.1435,8.94999,8.34513
ORB,SIFT,500,362,9.439,52.9435,10.0174,13.9493
ORB,SIFT,500,370,12.025,65.5664,10.7,9.70052
AKAZE,AKAZE,1541,1103,45.5301,39.4258,14.1696,12.4733
AKAZE,AKAZE,1529,1073,45.0714,40.2295,12.1077,14.8491
AKAZE,AKAZE,1561,1126,45.706,99.0305,23.7485,13.0895
AKAZE,AKAZE,1545,1126,46.6894,42.3594,11.258,14.5621
AKAZE,AKAZE,1526,1117,42.3793,42.0939,11.8508,17.3851
AKAZE,AKAZE,1566,1118,46.5,40.4182,11.7508,14.3777
AKAZE,AKAZE,1529,1147,50.6402,46.58,14.0445,15.0392
AKAZE,AKAZE,1547,1148,51.6142,46.8681,20.9665,13.8044
AKAZE,AKAZE,1572,1120,52.7838,48.1631,12.0742,13.6686
AKAZE,AKAZE,1567,1149,48.4441,42.9498,14.0245,11.5885
AKAZE,AKAZE,1538,1083,46.554,42.3381,11.514,11.7273
AKAZE,AKAZE,1513,1087,53.2827,52.7352,10.1347,11.2283
AKAZE,AKAZE,1538,1071,50.2051,50.903,8.58689,11.1944
AKAZE,AKAZE,1555,1138,54.4303,37.7781,11.1704,10.4212
AKAZE,AKAZE,1544,1119,48.2351,43.8011,7.84332,10.1378
AKAZE,AKAZE,1563,1132,46.2548,48.9665,8.94999,9.83169
AKAZE,AKAZE,1561,1152,55.8544,48.2559,10.0174,9.12018
AKAZE,AKAZE,1569,1161,51.5874,38.9302,10.7,8.90827
SIFT,BRIEF,1915,908,67.0976,5.2602,14.1696,12.5838
SIFT,BRIEF,1825,858,71.2382,5.6679,12.1077,12.0461
SIFT,BRIEF,1837,879,85.3059,7.4118,23.7485,14.192
SIFT,BRIEF,1828,904,67.9252,5.179,11.258,20.5143
SIFT,BRIEF,1877,856,109.571,11.6708,11.8508,17.5157
SIFT,BRIEF,1931,893,68.5711,5.9025,11.7508,12.619
SIFT,BRIEF,1963,904,108.44,10.9874,14.0445,13.3864
SIFT,BRIEF,1954,915,102.715,9.282,20.9665,14.8895
SIFT,BRIEF,1983,881,102.3,10.0493,12.0742,15.4204
SIFT,BRIEF,2041,909,188.227,13.0899,14.0245,10.8383
SIFT,BRIEF,2063,920,117.311,8.7553,11.514,12.7588
SIFT,BRIEF,2007,917,96.7106,6.4297,10.1347,9.99648
SIFT,BRIEF,2032,937,90.3823,7.5763,8.58689,10.4276
SIFT,BRIEF,2048,1010,94.7129,6.8742,11.1704,8.5777
SIFT,BRIEF,2044,978,92.6202,10.6005,7.84332,9.97562
SIFT,BRIEF,2086,962,76.0207,6.1773,8.94999,8.99675
SIFT,BRIEF,2095,978,100.436,10.8164,10.0174,8.85941
SIFT,BRIEF,2159,1010,72.228,7.2174,10.7,8.70362
SIFT,FREAK,1915,698,77.118,53.2189,14.1696,13.3626
SIFT,FREAK,1825,697,73.8017,62.9667,12.1077,13.9218
SIFT,FREAK,1837,701,73.7679,54.5817,23.7485,13.6342
SIFT,FREAK,1828,692,78.1556,54.0293,11.258,22.0569
SIFT,FREAK,1877,685,67.9015,56.2662,11.8508,12.7724
SIFT,FREAK,1931,692,79.9953,61.2603,11.7508,12.4441
SIFT,FREAK,1963,706,100.554,58.984,14.0445,13.9471
SIFT,FREAK,1954,711,66.5872,54.0154,20.9665,15.6136
SIFT,FREAK,1983,687,94.7688,64.2195,12.0742,13.1723
SIFT,FREAK,2041,722,72.4671,54.0965,14.0245,12.138
SIFT,FREAK,2063,707,68.4898,52.9647,11.514,12.8138
SIFT,FREAK,2007,739,72.5806,52.6521,10.1347,10.2517
SIFT,FREAK,2032,729,65.3489,49.5987,8.58689,10.605
SIFT,FREAK,2048,759,62.6579,48.7064,11.1704,10.8312
SIFT,FREAK,2044,763,71.0506,56.7038,7.84332,9.65353
SIFT,FREAK,2086,794,69.6231,55.4864,8.94999,8.82511
SIFT,FREAK,2095,803,77.5895,58.8719,10.0174,8.79023
SIFT,FREAK,2159,811,82.8792,61.6927,10.7,9.53523
SIFT,SIFT,1915,1036,63.9278,67.4311,14.1696,11.463
SIFT,SIFT,1825,985,104.25,72.2101,12.1077,12.5722
SIFT,SIFT,1837,981,65.6939,63.4472,23.7485,13.4901
SIFT,SIFT,1828,967,68.6742,65.1102,11.258,20.6963
SIFT,SIFT,1877,990,66.4414,63.3842,11.8508,17.1354
SIFT,SIFT,1931,970,65.598,61.3433,11.7508,11.8063
SIFT,SIFT,1963,1017,64.2486,61.2004,14.0445,14.5666
SIFT,SIFT,1954,1042,76.0748,64.73,20.9665,15.6112
SIFT,SIFT,1983,1013,61.9037,61.5275,12.0742,17.589
SIFT,SIFT,2041,1018,61.3672,60.2964,14.0245,11.2196
SIFT,SIFT,2063,1093,87.1612,67.3298,11.514,12.0196
SIFT,SIFT,2007,1069,69.531,67.328,10.1347,11.6835
SIFT,SIFT,2032,1121,65.6707,63.6307,8.58689,9.77113
SIFT,SIFT,2048,1139,75.0277,66.7618,11.1704,10.576
SIFT,SIFT,2044,1131,65.5081,61.8543,7.84332,9.66153
SIFT,SIFT,2086,1178,66.9536,63.3402,8.94999,9.59207
SIFT,SIFT,2095,1189,72.6122,65.9362,10.0174,9.2983
SIFT,SIFT,2159,1178,73.7495,72.6719,10.7,8.91674
